{
    "name": "DAMM result",
    "K": 5,
    "M": 3,
    "Priors": [
        0.18666666666666668,
        0.16095238095238096,
        0.30952380952380953,
        0.1523809523809524,
        0.19047619047619047
    ],
    "Mu": [
        -0.5113040284579022,
        0.1717605152737471,
        0.42111994227059457,
        -0.4908312789752236,
        0.35196549586675047,
        0.4276566905104855,
        -0.536783029075322,
        -0.004210812412262105,
        0.28523179159922374,
        -0.5275390642992697,
        -0.2145959101702942,
        0.47144228695619883,
        -0.5383590025660401,
        -0.3752464282138708,
        0.5035004729826188
    ],
    "Sigma": [
        0.0010508838314796552,
        0.0005214638639154621,
        0.0018507309719377478,
        0.0005214638639154621,
        0.0011969293446905834,
        0.0009342707744686713,
        0.0018507309719377478,
        0.0009342707744686713,
        0.005547379725385645,
        0.007163182494542885,
        0.000579040204484309,
        0.00011605633818401103,
        0.000579040204484309,
        0.002021653100330284,
        -0.0016053857481582482,
        0.00011605633818401103,
        -0.0016053857481582482,
        0.003271005931693082,
        4.4123184150960964e-05,
        -0.00029083574131400354,
        -3.632947177116768e-05,
        -0.00029083574131400354,
        0.014209736362620726,
        0.00035713880828665577,
        -3.632947177116768e-05,
        0.00035713880828665577,
        0.0002700417217522474,
        0.00014974596884134356,
        -0.00032242870265800343,
        0.0007802816261385572,
        -0.00032242870265800343,
        0.0015037275885565996,
        -0.0020791540509893834,
        0.0007802816261385572,
        -0.0020791540509893834,
        0.0099116734880199,
        0.00030888226929715685,
        0.0004492294731473698,
        0.0010264094869173411,
        0.0004492294731473698,
        0.0010146356674663663,
        0.0017703654897665995,
        0.0010264094869173411,
        0.0017703654897665995,
        0.0037150238428552244
    ],
    "attractor": [
        -0.5554165655320514,
        -0.3943589208278511,
        0.4507216854285114
    ],
    "dt": 0.02054882551283775,
    "A_k": [
        -2.4289150913619726,
        0.7826853316989221,
        -0.31362787391286945,
        0.7826853316989221,
        -5.161632025251728,
        -0.09518398307049929,
        -0.31362787391286945,
        -0.09518398307049929,
        -3.1345591211196693,
        -0.3476083583803939,
        0.20696929510178994,
        0.08506273274925961,
        -0.006019451534632359,
        -0.28638278806888845,
        -1.1935229358316468,
        1.6220793120484638,
        1.8102181902359993,
        -0.7284217620842987,
        -1.1261529819666587,
        0.125717972038049,
        0.12330020202103682,
        0.8140818970699766,
        -0.14794152822241716,
        1.092632303315691,
        -4.1573192917303405,
        -0.17869861141524465,
        -0.6236035023295712,
        -2.0400025047957397,
        0.05595611527128487,
        0.1076677100861738,
        -0.5263055552847938,
        -0.16489991582239347,
        -0.3035109357213205,
        0.7684376240782835,
        -0.41277628168888963,
        -0.9084491635918733,
        -0.10840855133684335,
        0.06903501879120852,
        -0.004870975195175812,
        -0.21091963801071786,
        -0.08980279465253042,
        -0.19818642824511154,
        0.04702082556099986,
        0.17274529256903232,
        -0.03665289896626543
    ],
    "A": [
        -3.331914089565475,
        0.7045500074241764,
        0.058611853498219756,
        0.7045500074241764,
        -5.907668132634642,
        -0.3912563464645942,
        0.058611853498219756,
        -0.3912563464645942,
        -3.535375554676999,
        0.017060438532869128,
        0.22103003614178907,
        0.029060316387076963,
        -0.17186906882133154,
        -0.24327773240921566,
        -0.856560924831856,
        0.9722215037220714,
        2.305554100122911,
        -0.9753101945225204,
        -3.6698952589928058,
        0.145053428149932,
        -0.3484878414047459,
        4.58336115787362,
        -0.45188693455081985,
        1.029180747710371,
        -5.198885748799211,
        -0.30910411401561677,
        -0.9748708594287534,
        -0.6313374749054251,
        -0.07576057749549463,
        0.7240563418891839,
        0.9895753769345714,
        -0.2558546974695671,
        -1.183936024859926,
        0.3093387104563579,
        -0.3347575747736168,
        -0.9522335144714417,
        -0.29652722994906217,
        0.06043631202702306,
        0.7269269136112736,
        0.4401678095114197,
        -0.21559463541977686,
        -0.9217721168473447,
        -0.5543136425265044,
        0.21309980929232972,
        -0.13823359664117035
    ]
}