{
    "name": "DAMM result",
    "K": 6,
    "M": 3,
    "Priors": [
        0.1308641975308642,
        0.19753086419753085,
        0.30617283950617286,
        0.16860670194003527,
        0.12416225749559083,
        0.07266313932980599
    ],
    "Mu": [
        0.08698816809562987,
        0.7572038179825274,
        -0.034979012641429594,
        0.055032866115179976,
        0.5724918836389173,
        -0.05267971383411345,
        0.02475126769360006,
        0.3816872998635659,
        -0.1768841792771695,
        0.02959676510474354,
        0.19321620313785812,
        0.010818123022738628,
        0.02593630702192823,
        0.03481861112651446,
        0.08496467783302114,
        0.0003409888517495932,
        -0.0011356230381580424,
        -0.0008596027025607909
    ],
    "Sigma": [
        0.004411078982583979,
        -0.001482418269441343,
        0.00016443263065435272,
        -0.001482418269441343,
        0.0012466950472877429,
        -0.0009670946832045179,
        0.00016443263065435272,
        -0.0009670946832045179,
        0.002778899633337528,
        0.0011522961009591299,
        0.0005331114203661579,
        0.002068234535593988,
        0.0005331114203661579,
        0.001252378826731727,
        0.0017334475596990772,
        0.002068234535593988,
        0.0017334475596990772,
        0.005213859800106646,
        0.00014625315637686837,
        -0.00040653583966653587,
        -1.5775900961637651e-06,
        -0.00040653583966653587,
        0.012476104601632582,
        0.000527132559875458,
        -1.5775900961637651e-06,
        0.000527132559875458,
        0.00012164345965405184,
        0.00017665172292738966,
        -0.00029197042308532834,
        0.0009936645948533515,
        -0.00029197042308532834,
        0.0008313547115899598,
        -0.0021919650433056635,
        0.0009936645948533515,
        -0.0021919650433056635,
        0.01413427061593256,
        0.0002613162029803727,
        0.0005052062241354918,
        0.0009609643611796145,
        0.0005052062241354918,
        0.001322060971716491,
        0.001978417488975572,
        0.0009609643611796145,
        0.001978417488975572,
        0.0036796855380230855,
        2.2314645459878883e-07,
        -7.724494873707278e-08,
        4.291876866448982e-07,
        -7.724494873707278e-08,
        7.092113941274053e-07,
        1.2229830752920242e-06,
        4.291876866448982e-07,
        1.2229830752920242e-06,
        4.050284671212636e-06
    ],
    "attractor": [
        0.0,
        0.0,
        0.0
    ],
    "dt": 0.012199609997519695,
    "A": [
        -0.6606780156532285,
        0.12564873524479594,
        0.08455537035756529,
        0.12564873524479594,
        -0.5578051360716688,
        0.21753177528883225,
        0.08455537035756529,
        0.21753177528883225,
        -0.1283118071608284,
        0.0,
        0.0,
        -0.11577959510700002,
        0.0,
        -0.26234055754694674,
        0.01746160334214902,
        0.32351577534602916,
        0.0659484863465233,
        -0.3919725858165586,
        -0.21116351998900468,
        0.025002508046371368,
        0.05525462163266635,
        -0.529699773285187,
        -0.1166780543690009,
        0.11710928458847883,
        -0.24768807168804297,
        -0.06746599625840699,
        0.02624307888799106,
        39.330061314998744,
        -2571.8397178475075,
        -234.3336948788785,
        17428.915259098634,
        -774.2395593817214,
        -6740.349201265478,
        -734.7367818965981,
        5320.646033357641,
        734.5017119431552,
        0.0,
        0.0,
        -0.11577959510700002,
        0.0,
        -0.26234055754694674,
        0.01746160334214902,
        0.32351577534602916,
        0.0659484863465233,
        -0.3919725858165586,
        0.0,
        0.0,
        -0.11577959510700002,
        0.0,
        -0.26234055754694674,
        0.01746160334214902,
        0.32351577534602916,
        0.0659484863465233,
        -0.3919725858165586
    ]
}