{
    "name": "DAMM result",
    "K": 6,
    "M": 3,
    "Priors": [
        0.1648838067133899,
        0.18627812615271117,
        0.2855035042419771,
        0.10143858354850609,
        0.09443009959424567,
        0.16746587974917004
    ],
    "Mu": [
        0.030669121714650617,
        0.7327206978715046,
        -0.027971339082709223,
        0.03514721596834801,
        0.568937705565011,
        -0.04516305683446887,
        0.02059721083273187,
        0.3840234462303074,
        -0.17040843759351218,
        0.025121110648025285,
        0.2006621372157414,
        -0.051582997307687756,
        0.04057197405529827,
        0.11928328118722172,
        0.1262093912578621,
        0.009875189628445316,
        0.006737857286010649,
        0.03174783559975897
    ],
    "Sigma": [
        0.00414797921684366,
        -0.0005131080309838911,
        6.034404348761499e-05,
        -0.0005131080309838911,
        0.001436170741436193,
        -0.001100787174141984,
        6.034404348761499e-05,
        -0.001100787174141984,
        0.0025972385246084903,
        0.0005327891201501991,
        0.0002815549113058525,
        0.0010144235352333518,
        0.0002815549113058525,
        0.0010385409638843665,
        0.0013444813512401251,
        0.0010144235352333518,
        0.0013444813512401251,
        0.005132572800668574,
        0.00010472762630601184,
        -0.00036584878144067714,
        -8.05095705539968e-05,
        -0.00036584878144067714,
        0.013920908467195483,
        -0.00021770521381313753,
        -8.05095705539968e-05,
        -0.00021770521381313753,
        0.0003444471682156585,
        9.680320339781548e-05,
        -1.1025914349495417e-05,
        -1.1856273264521838e-05,
        -1.1025914349495417e-05,
        0.00034911681703719854,
        -0.0002010367825584126,
        -1.1856273264521838e-05,
        -0.0002010367825584126,
        0.004197186579477073,
        0.00012623950877643143,
        -0.00029540012090690734,
        4.4668161405169056e-05,
        -0.00029540012090690734,
        0.002392438352862191,
        -0.00043102922816736514,
        4.4668161405169056e-05,
        -0.00043102922816736514,
        0.0009955125093660307,
        0.0001465946266539692,
        0.00013806528064829875,
        0.0004979494160293511,
        0.00013806528064829875,
        0.00017795902099945347,
        0.0005249399408466097,
        0.0004979494160293511,
        0.0005249399408466097,
        0.001781227107781102
    ],
    "attractor": [
        0.0,
        0.0,
        0.0
    ],
    "dt": 0.004218538688902149,
    "A": [
        -0.34518047832950427,
        0.0543815519077857,
        0.043987854418994436,
        0.0543815519077857,
        -0.5532368927634201,
        0.311338996025426,
        0.043987854418994436,
        0.311338996025426,
        -0.2141940722331167,
        0.0,
        0.0,
        -0.3017723861591932,
        0.0,
        -0.599029109773482,
        -0.23539792322844236,
        0.6081382635003734,
        0.4388084122492465,
        -0.8663148630938834,
        0.0,
        0.0,
        -0.3017723861591932,
        0.0,
        -0.599029109773482,
        -0.23539792322844236,
        0.6081382635003734,
        0.4388084122492465,
        -0.8663148630938834,
        -0.4633480313605528,
        0.04346977544756745,
        0.15003217295132712,
        -0.782933262784084,
        -0.10804432849720925,
        0.2329829807177155,
        -0.45323456910160487,
        -0.012319063620299997,
        0.05952804636918112,
        0.0,
        0.0,
        -0.3017723861591932,
        0.0,
        -0.599029109773482,
        -0.23539792322844236,
        0.6081382635003734,
        0.4388084122492465,
        -0.8663148630938834,
        0.0,
        0.0,
        -0.3017723861591932,
        0.0,
        -0.599029109773482,
        -0.23539792322844236,
        0.6081382635003734,
        0.4388084122492465,
        -0.8663148630938834
    ]
}